image_name,image number,width,depth,height,item_weight,maximum_weight_recommendation,voltage,wattage,item_volume
['71ccSTKMHfL.jpg'],[1],"['0.04 inch', '0.12 inch']",[0],[0],"['1.3 gram', '1.6 gram', '1.5 gram', '1.4 gram', '1.2 gram']",[0],[0],[0],[0]
['41DEkNFS9nL.jpg'],[2],['6.1 centimetre'],[0],[0],[0],[0],[0],[0],[0]
['61BisYHWwfL.jpg'],[3],"['8.5 centimetre', '6.2 centimetre', '9.5 centimetre', '4.5 centimetre', '0.2 centimetre', '7 centimetre', '7.5 centimetre', '5.2 centimetre', '2.9 centimetre']",[0],[0],"['150 gram', '160 gram', '140 gram']",[0],[0],"['6 watt', '10 watt', '4 watt', '8 watt']",[0]
['61C1N2sr2HL.jpg'],[4],[0],[0],[0],[0],[0],[0],[0],[0]
['61IgcmIn7FL.jpg'],[5],[0],[0],[0],['360 gram'],[0],[0],[0],[0]
['71mjlaZMQ6L.jpg'],[6],[0],[0],[0],['2.4 gram'],[0],[0],[0],[0]
['71eY7yiYFEL.jpg'],[7],"['1.7 centimetre', '2.95 inch', '1.8 centimetre', '0.67 inch', '0.98 inch', '0.71 inch']",[0],[0],['17.6 gram'],[0],"['4 volt', '9 volt']",[0],[0]
['51r5LDGs+7L.jpg'],[8],[0],[0],[0],"['72 gram', '0.16 pound']",[0],[0],[0],[0]
['6107Bc9Xf9S.jpg'],[9],"['6.2 centimetre', '4.7 centimetre', '3.2 centimetre', '4.2 centimetre']",[0],[0],[0],[0],[0],[0],[0]
['81tJdGD4zaL.jpg'],[10],[0],[0],[0],['260 gram'],[0],"['5 volt', '3.7 volt']",['2.5 watt'],[0]
['51BAHfNgOeL.jpg'],[11],"['60 centimetre', '0 centimetre']",[0],[0],[0],[0],[0],[0],[0]
['61-XHC-wm9L.jpg'],[12],['40 centimetre'],[0],[0],[0],[0],[0],[0],[0]
['71hazAZ2wiL.jpg'],[13],[0],[0],[0],"['2 gram', '510 gram']",[0],['22.2 volt'],['99.9 watt'],['1 litre']
['41dbrEjGDhL.jpg'],[14],[0],[0],[0],[0],[0],[0],[0],[0]
['71miSk8iJEL.jpg'],[15],[0],[0],[0],"['1 kilogram', '2.2 pound']",[0],[0],[0],[0]
['61CnMX+PQZL.jpg'],[16],"['12 centimetre', '6.5 centimetre', '6 centimetre', '15 centimetre', '45 centimetre']",[0],[0],[0],[0],[0],[0],[0]
['614kDv7L9jS.jpg'],[17],['5 centimetre'],[0],[0],[0],[0],[0],[0],[0]
['81Cnptqh83L.jpg'],[18],[0],[0],[0],[0],[0],[0],[0],[0]
['51FoyjOUV0L.jpg'],[19],[0],[0],[0],[0],[0],[0],[0],[0]
['51XT57P-QuL.jpg'],[20],['2.7 inch'],[0],[0],[0],[0],[0],[0],[0]
['51Lv4QUQxgL.jpg'],[21],"['14 centimetre', '34 centimetre']",[0],[0],[0],[0],[0],[0],[0]
['51myO4lyXwL.jpg'],[22],"['32.5 centimetre', '19.5 centimetre', '27 centimetre', '4.2 centimetre']",[0],[0],[0],[0],[0],[0],[0]
['61-Abwm9m4L.jpg'],[23],[0],[0],[0],[0],[0],[0],[0],[0]
['61BRO6vuQmL.jpg'],[24],['1.97 inch'],[0],[0],[0],[0],[0],[0],[0]
['614W+QNG9GL.jpg'],[25],"['13 centimetre', '14 centimetre', '120 centimetre', '25 centimetre', '29 centimetre', '35 centimetre']",[0],[0],[0],[0],[0],[0],[0]
['61CaxCTGC8L.jpg'],[26],"['35 centimetre', '14 inch']",[0],[0],[0],[0],[0],[0],[0]
['61-NXNc4ZAL.jpg'],[27],"['94 centimetre', '1 inch', '112.6 centimetre', '68 centimetre', '98 centimetre', '67 centimetre', '103 centimetre', '70 centimetre', '105 centimetre', '110.6 centimetre', '96 centimetre', '69 centimetre']",[0],[0],[0],[0],[0],[0],[0]
['41Lw0wP8vML.jpg'],[28],"['22.5 centimetre', '30 centimetre']",[0],[0],[0],[0],[0],[0],[0]
['61R-H73LzyL.jpg'],[29],[0],[0],[0],[0],[0],[0],[0],[0]
['71LohfMWGAL.jpg'],[30],[0],[0],[0],[0],[0],[0],[0],[0]
['71DVlpJAR6L.jpg'],[31],[0],[0],[0],"['150 gram', '230 gram']",[0],[0],[0],[0]
['5126K0TMR6L.jpg'],[32],[0],[0],[0],[0],[0],[0],[0],[0]
['51O87MMJcxL.jpg'],[33],['26 centimetre'],[0],[0],[0],[0],[0],[0],[0]
['515W9HbxAZL.jpg'],[34],[0],[0],[0],[0],[0],[0],[0],[0]
['51w11V+YmCL.jpg'],[35],['34.5 centimetre'],[0],[0],[0],[0],[0],[0],[0]
['51El0IufdsL.jpg'],[36],[0],[0],[0],[0],[0],[0],[0],[0]
['51H0C1WzXyL.jpg'],[37],"['2.13 inch', '5.4 centimetre', '38.4 inch']",[0],[0],[0],[0],[0],[0],[0]
['71AMuW-uhjL.jpg'],[38],[0],[0],[0],['283 gram'],[0],[0],[0],[0]
['41Ws+rdT6ZL.jpg'],[39],['5 centimetre'],[0],[0],[0],[0],[0],[0],[0]
['51KVmbHnWwL.jpg'],[40],"['60 centimetre', '62 centimetre']",[0],[0],[0],[0],[0],[0],[0]
['51jkA5cD1EL.jpg'],[41],['33.5 centimetre'],[0],[0],['8 gram'],[0],[0],[0],[0]
['71FPH-86GsL.jpg'],[42],[0],[0],[0],[0],[0],[0],[0],[0]
['71VIoc1vuQL.jpg'],[43],[0],[0],[0],['50 gram'],[0],[0],[0],[0]
['815ivYLqgkL.jpg'],[44],[0],[0],[0],[0],[0],[0],[0],[0]
['919szTA8OVL.jpg'],[45],[0],[0],[0],"['87 gram', '0.5 gram', '1.1 gram', '3.3 gram', '1.4 gram']",[0],[0],[0],[0]
['41bJdbQl9PL.jpg'],[46],[0],[0],[0],[0],[0],"['4 volt', '85 volt']",['22.52 watt'],[0]
['51+xrcB-z8L.jpg'],[47],[0],[0],[0],['13 gram'],[0],[0],[0],[0]
['61flE13N8VL.jpg'],[48],[0],[0],[0],['85 gram'],[0],[0],[0],[0]
['51NlkQ5S8PL.jpg'],[49],"['1.38 inch', '3.5 centimetre']",[0],[0],[0],[0],[0],[0],[0]
['61BA0htIyaL.jpg'],[50],[0],[0],[0],['47 gram'],[0],[0],[0],[0]
['519pqnzSaSL.jpg'],[51],"['60 centimetre', '17 centimetre']",[0],[0],[0],[0],[0],[0],[0]
['61HXOpe7VdL.jpg'],[52],[0],[0],[0],[0],[0],[0],[0],[0]
['51gRz5+cnKL.jpg'],[53],"['53.3 centimetre', '81.3 centimetre', '15 centimetre', '18 centimetre', '45.7 centimetre']",[0],[0],[0],[0],[0],[0],[0]
['81N2zmYvQmL.jpg'],[54],[0],[0],[0],[0],[0],[0],['1 watt'],[0]
['51w++RlUUBL.jpg'],[55],"['19 centimetre', '32 centimetre']",[0],[0],['9.9 gram'],[0],[0],[0],[0]
['51a20LhnLvL.jpg'],[56],[0],[0],[0],[0],[0],[0],[0],['12 litre']
['61AYqxsm-JL.jpg'],[57],"['8.9 centimetre', '4.5 centimetre', '9 centimetre', '8.7 centimetre', '7.75 centimetre', '7.5 centimetre', '5.5 centimetre', '45 centimetre', '6.25 centimetre']",[0],[0],[0],[0],[0],[0],[0]
['71Her9zYfSL.jpg'],[58],[0],[0],[0],[0],[0],[0],[0],[0]
['71+bFnb2wrL.jpg'],[59],[0],[0],[0],['2.1 gram'],[0],[0],[0],[0]
['51v9NQqDVOL.jpg'],[60],['18 centimetre'],[0],[0],[0],[0],[0],[0],[0]
['51j1UFWgEqL.jpg'],[61],[0],[0],[0],[0],[0],[0],[0],[0]
['51zHbgLfLVL.jpg'],[62],[0],[0],[0],[0],[0],[0],[0],[0]
['81tlEtW6emL.jpg'],[63],[0],[0],[0],"['250 gram', '3 gram']",[0],[0],['3 watt'],[0]
['61rQurqwfKL.jpg'],[64],[0],[0],[0],['120 gram'],[0],[0],[0],[0]
['610h3dYO8PS.jpg'],[65],"['80 centimetre', '8 centimetre']",[0],[0],[0],[0],[0],[0],[0]
['71x7NOgLhaL.jpg'],[66],[0],[0],[0],[0],[0],[0],[0],[0]
['615OYQhel2S.jpg'],[67],['15 centimetre'],[0],[0],[0],[0],[0],[0],[0]
['61EpAo2DN3L.jpg'],[68],[0],[0],[0],['2023 kilogram'],[0],[0],[0],[0]
['81eamXotxSL.jpg'],[69],[0],[0],[0],[0],[0],[0],[0],[0]
['71WZr-KR+sL.jpg'],[70],[0],[0],[0],[0],[0],[0],[0],[0]
['81vxok8CeyL.jpg'],[71],[0],[0],[0],"['012 kilogram', '24 kilogram', '1.2 kilogram']",[0],[0],[0],[0]
['51OHiToIRxL.jpg'],[72],[0],[0],[0],[0],[0],[0],[0],[0]
['714LPgGqwXL.jpg'],[73],"['50 centimetre', '5 centimetre', '0 centimetre']",[0],[0],[0],[0],[0],['36 watt'],[0]
['815tPmSEurL.jpg'],[74],[0],[0],[0],[0],[0],[0],[0],[0]
['71-sriO27ML.jpg'],[75],[0],[0],[0],[0],[0],[0],[0],"['62876386252 litre', '2 litre']"
['4146FBkaddL.jpg'],[76],"['7.87 inch', '20 centimetre']",[0],[0],[0],[0],[0],[0],[0]
['61gQGnN4ZGL.jpg'],[77],"['35 centimetre', '2 centimetre']",[0],[0],['17 gram'],[0],[0],[0],[0]
['514Ky6Gl2gL.jpg'],[78],['5 centimetre'],[0],[0],[0],[0],[0],[0],[0]
['41z8BrX3NfL.jpg'],[79],[0],[0],[0],[0],[0],[0],[0],[0]
['91XyIpkF0sL.jpg'],[80],[0],[0],[0],[0],[0],[0],[0],[0]
['71tqQ6rjOvL.jpg'],[81],[0],[0],[0],['22 pound'],[0],[0],[0],[0]
['51pXlP6qnAL.jpg'],[82],['15 centimetre'],[0],[0],[0],[0],[0],[0],[0]
['81brpF8QxvL.jpg'],[83],[0],[0],[0],[0],[0],[0],[0],[0]
['51tYAMv+ESL.jpg'],[84],[0],[0],[0],[0],[0],[0],[0],[0]
['71bMQkJ9qsL.jpg'],[85],[0],[0],[0],['240 gram'],[0],[0],[0],[0]
['41sqyetLFDL.jpg'],[86],[0],[0],[0],['70 gram'],[0],[0],[0],[0]
['81iUowr8bRL.jpg'],[87],[0],[0],[0],['10 ounce'],[0],[0],[0],[0]
['51tDb-KpK0L.jpg'],[88],[0],[0],[0],"['623 gram', '621 gram']",[0],['1969 volt'],[0],[0]
['51fOF7gEXkL.jpg'],[89],[0],[0],[0],['270 gram'],[0],[0],[0],[0]
['71LCMoovgNL.jpg'],[90],[0],[0],[0],['4 gram'],[0],[0],[0],[0]
['71EOG35+wYL.jpg'],[91],[0],[0],[0],['140 gram'],[0],[0],[0],['46 litre']
['716KWhqFHEL.jpg'],[92],[0],[0],[0],[0],[0],[0],[0],[0]
['71wptYrAfJL.jpg'],[93],[0],[0],[0],[0],[0],[0],['6 watt'],['750 litre']
['51LNSiQ0YpS.jpg'],[94],[0],[0],[0],['2 gram'],[0],[0],[0],[0]
['61A9o6xynnS.jpg'],[95],"['30 centimetre', '12 centimetre', '9 centimetre', '25 centimetre', '15 centimetre', '8 centimetre']",[0],[0],[0],[0],[0],[0],[0]
['51K2RawCF+L.jpg'],[96],['56 centimetre'],[0],[0],[0],[0],[0],[0],[0]
['61E6g7lbU1L.jpg'],[97],[0],[0],[0],[0],[0],[0],[0],[0]
['51RIwlpkwzL.jpg'],[98],[0],[0],[0],[0],[0],[0],[0],[0]
['71aikBGH8rL.jpg'],[99],[0],[0],[0],[0],[0],[0],[0],[0]
['71YlgpgYWPL.jpg'],[100],[0],[0],[0],['200 gram'],[0],[0],['388893 watt'],['4 litre']
['61-h46TiCZL.jpg'],[101],[0],[0],[0],[0],[0],[0],[0],['0 litre']
['71l8u3TPvSL.jpg'],[102],['28.5 centimetre'],[0],[0],"['8 gram', '9.3 gram']",[0],[0],[0],[0]
['51uMNvha18L.jpg'],[103],[0],[0],[0],[0],[0],[0],[0],[0]
['71NYFkhSS4L.jpg'],[104],[0],[0],[0],[0],[0],['5 volt'],[0],['84 litre']
['81x7bWbDSWL.jpg'],[105],[0],[0],[0],[0],[0],[0],[0],['70 litre']
['51ZAGkaCjGL.jpg'],[106],[0],[0],[0],[0],[0],[0],[0],[0]
['51AKG2kSWsL.jpg'],[107],['6 inch'],[0],[0],[0],[0],['11 volt'],[0],[0]
['513RUrAMDGL.jpg'],[108],[0],[0],[0],[0],[0],[0],[0],[0]
['51j8I3p2EcL.jpg'],[109],[0],[0],[0],[0],[0],[0],[0],[0]
['5141bE138+L.jpg'],[110],['17.5 centimetre'],[0],[0],[0],[0],[0],[0],[0]
['712GVjvDPlL.jpg'],[111],[0],[0],[0],[0],[0],[0],[0],['3155 litre']
['611Mx1+ZlUL.jpg'],[112],[0],[0],[0],[0],[0],[0],[0],[0]
['61eCGMnEElL.jpg'],[113],[0],[0],[0],[0],[0],[0],[0],[0]
['61-A1dRFd3L.jpg'],[114],"['17 centimetre', '24 centimetre']",[0],[0],[0],[0],[0],[0],[0]
['5138E4Vr28S.jpg'],[115],"['21.2 centimetre', '6.5 centimetre', '4.2 centimetre']",[0],[0],[0],[0],[0],[0],[0]
['51mSxkMYeWL.jpg'],[116],"['33 centimetre', '50 centimetre', '28 centimetre', '27.3 centimetre', '45 centimetre', '35 centimetre']",[0],[0],[0],[0],[0],[0],[0]
['8175OLA0cvL.jpg'],[117],[0],[0],[0],[0],[0],['706 volt'],[0],[0]
['518n-oLx67L.jpg'],[118],"['27 centimetre', '10.63 inch']",[0],[0],[0],[0],[0],[0],[0]
['61FXOUnlLJL.jpg'],[119],[0],[0],[0],['100 gram'],[0],[0],[0],[0]
['614qjsaX1uL.jpg'],[120],[0],[0],[0],[0],[0],[0],[0],[0]
['51Rp1PcGZGL.jpg'],[121],[0],[0],[0],[0],[0],[0],[0],[0]
['819Wg3QPTaL.jpg'],[122],[0],[0],[0],[0],[0],[0],[0],[0]
['71axr-uJR1L.jpg'],[123],['0 centimetre'],[0],[0],['0.10 kilogram'],[0],[0],[0],[0]
['81y3Tf0T7SL.jpg'],[124],[0],[0],[0],[0],[0],[0],[0],[0]
['6186zkRE+aL.jpg'],[125],"['4 foot', '120 centimetre']",[0],[0],[0],[0],[0],[0],[0]
['51tg7+sm+kL.jpg'],[126],[0],[0],[0],[0],[0],[0],[0],[0]
['51HRiq3qewL.jpg'],[127],"['20 centimetre', '14.5 centimetre']",[0],[0],[0],[0],[0],[0],[0]
['41-PDuX5erL.jpg'],[128],['0.24 inch'],[0],[0],['6 gram'],[0],[0],[0],[0]
['616R1EpTCJL.jpg'],[129],[0],[0],[0],[0],[0],[0],[0],[0]
['513BS4JtwjL.jpg'],[130],[0],[0],[0],['8 gram'],[0],[0],[0],[0]
['51IVNOEiCVL.jpg'],[131],[0],[0],[0],[0],[0],[0],[0],[0]
['81vl8k1PYcL.jpg'],[132],[0],[0],[0],[0],[0],[0],[0],[0]
['61F2eYSgyWL.jpg'],[133],['14 centimetre'],[0],[0],['750 gram'],[0],[0],[0],[0]
['91s3p0gYzsL.jpg'],[134],[0],[0],[0],['49 gram'],[0],[0],[0],[0]
['81Dqx+r6EQL.jpg'],[135],[0],[0],[0],[0],[0],[0],[0],[0]
['510FETYD9EL.jpg'],[136],"['8.5 centimetre', '11.4 centimetre', '6 centimetre']",[0],[0],[0],[0],[0],[0],[0]
['41nyU5czYbL.jpg'],[137],['17 centimetre'],[0],[0],[0],[0],[0],[0],[0]
['612W-CbJnTS.jpg'],[138],[0],[0],[0],[0],[0],[0],[0],[0]
['51cSCvsTxRL.jpg'],[139],"['1.5 centimetre', '25 centimetre', '21 centimetre', '7 centimetre']",[0],[0],[0],[0],[0],[0],[0]
['41OPjVz396L.jpg'],[140],['1.8 centimetre'],[0],[0],[0],[0],[0],[0],[0]
['61W6wmab4wL.jpg'],[141],[0],[0],[0],[0],[0],[0],[0],[0]
['51xKajvsM3L.jpg'],[142],[0],[0],[0],[0],[0],[0],['8 watt'],[0]
['81ED+Jph9KL.jpg'],[143],[0],[0],[0],['184 gram'],[0],[0],[0],['2 litre']
['61DPhSzP+1L.jpg'],[144],[0],[0],[0],[0],[0],[0],[0],[0]
['716KTnK4qjL.jpg'],[145],[0],[0],[0],['1185 gram'],[0],[0],[0],[0]
['61tJNE8TxRL.jpg'],[146],"['18 inch', '62 inch', '13 inch']",[0],[0],['120 kilogram'],[0],[0],[0],[0]
['71cW9HYjLmL.jpg'],[147],[0],[0],[0],['24 gram'],[0],[0],[0],[0]
['51TTtpi74aL.jpg'],[148],['3 centimetre'],[0],[0],[0],[0],[0],[0],[0]
['614aBt4GEtL.jpg'],[149],"['68 centimetre', '20 centimetre', '4.3 centimetre']",[0],[0],[0],[0],[0],[0],[0]
['510TV4Vdg7L.jpg'],[150],"['1.4 foot', '5.9 foot']",[0],[0],[0],[0],[0],['1 watt'],[0]
['41AsZoYPquL.jpg'],[151],['13.5 centimetre'],[0],[0],[0],[0],[0],[0],[0]
['71MnSlvh5RL.jpg'],[152],['9 inch'],[0],[0],[0],[0],[0],[0],[0]
['81NbDghI4WL.jpg'],[153],[0],[0],[0],['500 gram'],[0],[0],[0],[0]
['61+wI1wXL4L.jpg'],[154],['5.0 centimetre'],[0],[0],[0],[0],[0],[0],[0]
['41ts+tUK95L.jpg'],[155],[0],[0],[0],[0],[0],[0],[0],[0]
['611Dh5-kd7L.jpg'],[156],[0],[0],[0],['200 gram'],[0],[0],[0],[0]
['41+SQ8d1mlL.jpg'],[157],[0],[0],[0],[0],[0],[0],[0],[0]
['61DnZ8MZgyL.jpg'],[158],[0],[0],[0],[0],[0],[0],['2 watt'],"['8 litre', '6 litre', '5 litre']"
['618GAikl2lL.jpg'],[159],"['33.6 centimetre', '14.5 centimetre', '30 centimetre']",[0],[0],[0],[0],[0],[0],[0]
['71bISQ-kbmL.jpg'],[160],[0],[0],[0],[0],[0],[0],[0],[0]
['71EhfB-QvtL.jpg'],[161],[0],[0],[0],[0],[0],[0],[0],[0]
['61M+QYUV2EL.jpg'],[162],"['5.12 inch', '1.48 inch', '00.73 inch', '4.53 inch', '220 inch']",[0],[0],['7.82 ounce'],[0],[0],[0],[0]
['71JYlHmjFaL.jpg'],[163],[0],[0],[0],['300 gram'],[0],[0],[0],[0]
['51wJBr1YqWL.jpg'],[164],"['4 foot', '1.8 foot']",[0],[0],"['100 kilogram', '6 kilogram']",[0],[0],[0],[0]
['51wdKJ9+pZL.jpg'],[165],"['50 centimetre', '70 centimetre', '15 centimetre']",[0],[0],[0],[0],[0],[0],[0]
['616DkfhJCnL.jpg'],[166],[0],[0],[0],[0],[0],['120 volt'],[0],[0]
['61HmIkm0q1L.jpg'],[167],[0],[0],[0],[0],[0],[0],[0],[0]
['613HWkOwGtL.jpg'],[168],"['62 inch', '1.97 inch', '2.64 inch', '45 inch', '3.15 inch', '1.65 inch']",[0],[0],[0],[0],[0],[0],[0]
['51TVkCz9XaL.jpg'],[169],"['28 centimetre', '22 centimetre']",[0],[0],[0],[0],[0],[0],[0]
['515egOr1W3L.jpg'],[170],[0],[0],[0],[0],[0],[0],[0],[0]
['81Sv1ns5qGL.jpg'],[171],[0],[0],[0],['60 gram'],[0],[0],[0],[0]
['81vMe59JORL.jpg'],[172],[0],[0],[0],[0],[0],[0],['2 watt'],[0]
['51wxqC4OwJL.jpg'],[173],[0],[0],[0],[0],[0],[0],"['75000 watt', '70 watt']",[0]
['71QbujdL6VL.jpg'],[174],[0],[0],[0],['200 gram'],[0],[0],[0],[0]
['6126CGtl-UL.jpg'],[175],[0],[0],[0],[0],[0],[0],[0],[0]
['614qT6ISk1L.jpg'],[176],[0],[0],[0],[0],[0],[0],[0],[0]
['81LIHeBF2BL.jpg'],[177],[0],[0],[0],[0],[0],['060 volt'],[0],['4 litre']
['616dZZqf2HL.jpg'],[178],"['8.2 centimetre', '9 centimetre', '7 centimetre', '5 centimetre']",[0],[0],[0],[0],[0],[0],"['2.9 litre', '2 litre']"
['71cPMVg+4OL.jpg'],[179],[0],[0],[0],['500 gram'],[0],[0],[0],[0]
['518Y1Hg+8aS.jpg'],[180],[0],[0],[0],[0],[0],[0],[0],[0]
['81RQcYZ5wTL.jpg'],[181],[0],[0],[0],[0],[0],[0],[0],[0]
['816z7kIUP1L.jpg'],[182],[0],[0],[0],"['825 gram', '25 gram']",[0],[0],[0],[0]
['61CfR7Zk8rL.jpg'],[183],"['1000 centimetre', '2.8 centimetre']",[0],[0],[0],[0],[0],[0],[0]
['71-6qv2bzyL.jpg'],[184],[0],[0],[0],[0],[0],[0],[0],[0]
['61E0f8Q2eLL.jpg'],[185],"['37.5 centimetre', '0.7 centimetre']",[0],[0],[0],[0],[0],[0],[0]
['51mzTke6ASL.jpg'],[186],[0],[0],[0],[0],[0],[0],[0],[0]
['81rveDbxz3L.jpg'],[187],[0],[0],[0],['20 gram'],[0],[0],[0],[0]
['41UdLXq-0eL.jpg'],[188],"['2 centimetre', '8 centimetre']",[0],[0],[0],[0],[0],[0],[0]
['618R2rokM2L.jpg'],[189],[0],[0],[0],[0],[0],[0],[0],[0]
['61FHCX3YLXL.jpg'],[190],"['50 centimetre', '20 centimetre', '30 centimetre', '7 centimetre']",[0],[0],['5. gram'],[0],[0],[0],[0]
['71Gaa0+EN9L.jpg'],[191],['15 centimetre'],[0],[0],['4 kilogram'],[0],[0],[0],[0]
['613S9Z94XDL.jpg'],[192],"['18.1 inch', '12 inch', '14.5 inch', '13 inch']",[0],[0],[0],[0],[0],[0],[0]
['51BD4Em0pRL.jpg'],[193],"['10.8 centimetre', '2 centimetre', '118.6 centimetre']",[0],[0],[0],[0],[0],[0],[0]
['613l-gHrzpS.jpg'],[194],"['27 centimetre', '59 centimetre', '40 centimetre']",[0],[0],[0],[0],[0],[0],[0]
['714v8poHGyL.jpg'],[195],[0],[0],[0],[0],[0],[0],[0],[0]
['61+jds9+RFL.jpg'],[196],[0],[0],[0],[0],[0],[0],[0],[0]
['51NWzezt2JL.jpg'],[197],"['35 centimetre', '21 centimetre']",[0],[0],[0],[0],[0],[0],[0]
['51JnHb0VVOL.jpg'],[198],[0],[0],[0],['140 gram'],[0],[0],[0],[0]
['41exBMS9FgS.jpg'],[199],[0],[0],[0],[0],[0],[0],[0],[0]
['51O2zBOH1rL.jpg'],[200],"['36 inch', '90 centimetre']",[0],[0],[0],[0],[0],[0],[0]
['71ZS4DoevgL.jpg'],[201],[0],[0],[0],"['180 gram', '90 gram']",[0],[0],[0],[0]
['71ILWNyBlBL.jpg'],[202],[0],[0],[0],['400 gram'],[0],[0],[0],[0]
['51faJkB50tL.jpg'],[203],[0],[0],[0],[0],[0],[0],[0],[0]
['618N2eeIx2L.jpg'],[204],['13 inch'],[0],[0],[0],[0],[0],[0],[0]
['812zr8JF2XL.jpg'],[205],[0],[0],[0],['40 gram'],[0],[0],[0],['4 litre']
['812Xoj4QIAL.jpg'],[206],[0],[0],[0],['250 gram'],[0],[0],[0],[0]
['61N+inzq8kL.jpg'],[207],[0],[0],[0],"['11.28 ounce', '320 gram']",[0],[0],[0],[0]
['819-e1v-wCS.jpg'],[208],[0],[0],[0],['4 gram'],[0],"['32817 volt', '22289 volt']",[0],[0]
['519s-gM6LAL.jpg'],[209],['11.5 centimetre'],[0],[0],[0],[0],[0],[0],[0]
['41LWqGeyzfL.jpg'],[210],"['60 centimetre', '5 centimetre']",[0],[0],[0],[0],[0],[0],[0]
['61k05HdnFyL.jpg'],[211],"['13.5 inch', '2 centimetre']",[0],[0],['0.83 kilogram'],[0],[0],[0],[0]
['51fcKt86MaL.jpg'],[212],['7.25 inch'],[0],[0],[0],[0],[0],[0],[0]
['71Ehyq17MWL.jpg'],[213],"['69 inch', '24 inch', '5.51 inch', '0.51 inch']",[0],[0],['63 gram'],[0],[0],[0],[0]
['81EWEuAC+UL.jpg'],[214],"['63 centimetre', '24.8 inch', '30.7 inch']",[0],[0],"['1 gram', '50 pound']",[0],[0],[0],['1 litre']
['61pfOchYG5L.jpg'],[215],"['1.77 inch', '2.95 inch']",[0],[0],[0],[0],[0],[0],[0]
['71cXdU2-i+L.jpg'],[216],[0],[0],[0],"['37077 gram', '72 gram']",[0],['600 volt'],[0],[0]
['81vv9O+U6wL.jpg'],[217],[0],[0],[0],[0],[0],[0],[0],[0]
['61ZWIcTCpsL.jpg'],[218],[0],[0],[0],[0],[0],[0],[0],[0]
['519tdmsubGL.jpg'],[219],['29.7 centimetre'],[0],[0],[0],[0],[0],['5 watt'],[0]
['81uFKAWzg2L.jpg'],[220],[0],[0],[0],['2 gram'],[0],[0],['1 watt'],['7 litre']
['617r+L0slCL.jpg'],[221],"['18.5 centimetre', '4 centimetre', '43 centimetre']",[0],[0],[0],[0],[0],[0],[0]
['61MDvQYL1ML.jpg'],[222],[0],[0],[0],['45 gram'],[0],[0],[0],[0]
['81Lchy6K5GL.jpg'],[223],[0],[0],[0],['81 gram'],[0],[0],"['6 watt', '31 watt']",['77 litre']
['619iXag78-S.jpg'],[224],[0],[0],[0],[0],[0],[0],[0],[0]
['513xBvTXbcL.jpg'],[225],['2.6 centimetre'],[0],[0],[0],[0],[0],[0],[0]
['51kFbipfwVL.jpg'],[226],['1.5 centimetre'],[0],[0],['2.5 gram'],[0],[0],[0],[0]
['81kpZpEWNbL.jpg'],[227],[0],[0],[0],"['1.02 ounce', '28.8 gram', '1.2 gram', '0 gram']",[0],[0],[0],[0]
['81FOe0EdFfL.jpg'],[228],[0],[0],[0],[0],[0],[0],[0],[0]
['71nqZn-YeDL.jpg'],[229],[0],[0],[0],"['285 gram', '5 gram']",[0],[0],[0],[0]
['51WN3LHIz3L.jpg'],[230],"['1.8 inch', '4.5 centimetre', '17 centimetre']",[0],[0],['6 ounce'],[0],[0],[0],[0]
['71RoSNtp4GL.jpg'],[231],[0],[0],[0],['150 gram'],[0],[0],[0],[0]
['61tq5un+-8L.jpg'],[232],[0],[0],[0],[0],[0],[0],[0],[0]
['81o7j+H+KEL.jpg'],[233],[0],[0],[0],['250 gram'],[0],[0],['111 watt'],[0]
['51LFRPB0CRL.jpg'],[234],"['83 centimetre', '1.5 centimetre', '113 centimetre', '9.3 centimetre', '3 centimetre', '6.3 centimetre']",[0],[0],[0],[0],[0],[0],[0]
['51sicIGzNdL.jpg'],[235],[0],[0],[0],[0],[0],[0],[0],[0]
['719xAbUnivL.jpg'],[236],[0],[0],[0],[0],[0],[0],[0],[0]
['41v1M86yFLS.jpg'],[237],['13 centimetre'],[0],[0],[0],[0],[0],[0],[0]
['81FaCIQ19PL.jpg'],[238],[0],[0],[0],[0],[0],[0],[0],[0]
['81A5NefpuiL.jpg'],[239],[0],[0],[0],['50 pound'],[0],[0],[0],[0]
['61kUjBQoSbL.jpg'],[240],[0],[0],[0],"['100 gram', '1.25 gram']",[0],[0],[0],[0]
['811uD9hDwjL.jpg'],[241],['17 centimetre'],[0],[0],['39 gram'],[0],[0],[0],[0]
['81izMNELoEL.jpg'],[242],[0],[0],[0],['5 pound'],[0],[0],['1 watt'],[0]
['81-YMlswoyL.jpg'],[243],[0],[0],[0],[0],[0],[0],[0],[0]
['51tzRe5agtL.jpg'],[244],[0],[0],[0],"['5 ounce', '225 gram']",[0],[0],[0],[0]
['41Xb5d8esuL.jpg'],[245],[0],[0],[0],[0],[0],[0],[0],[0]
['41DUdlcJRQL.jpg'],[246],[0],[0],[0],[0],[0],[0],[0],[0]
['81nKGdYi4FL.jpg'],[247],[0],[0],[0],['24 gram'],[0],[0],[0],[0]
['618TdgXsJWL.jpg'],[248],['25 centimetre'],[0],[0],['96 gram'],[0],[0],[0],[0]
['51kioDgqGvL.jpg'],[249],['15 centimetre'],[0],[0],[0],[0],[0],[0],['1 litre']
['51b9yq5FWtL.jpg'],[250],[0],[0],[0],[0],[0],[0],[0],[0]
['613noz8CZML.jpg'],[251],[0],[0],[0],[0],[0],[0],"['35 watt', '3.5 watt']","['14 litre', '5 litre']"
['614m+5WyxbL.jpg'],[252],[0],[0],[0],[0],[0],[0],[0],[0]
['51u-Ma3FewL.jpg'],[253],"['4 centimetre', '29 centimetre', '12.5 centimetre', '8.8 centimetre']",[0],[0],[0],[0],[0],[0],[0]
['71WOvr9yBrL.jpg'],[254],[0],[0],[0],[0],[0],[0],[0],[0]
['71PfSaldFRS.jpg'],[255],[0],[0],[0],[0],[0],[0],[0],[0]
['61Bl2rNXLxL.jpg'],[256],[0],[0],[0],[0],[0],['24 volt'],[0],[0]
['41I965Tie9L.jpg'],[257],"['47.7 centimetre', '25.6 centimetre']",[0],[0],['8.8 kilogram'],[0],[0],[0],['1452 litre']
['61w-UNghKPL.jpg'],[258],[0],[0],[0],[0],[0],['230 volt'],[0],[0]
['71UEBkOhl7L.jpg'],[259],[0],[0],[0],[0],[0],[0],[0],[0]
['41fvPnIesOL.jpg'],[260],['22 centimetre'],[0],[0],[0],[0],[0],[0],[0]
['71xXmFrLcrL.jpg'],[261],[0],[0],[0],[0],[0],[0],[0],[0]
['81L-mBFaDLL.jpg'],[262],[0],[0],[0],"['324 gram', '0 gram']",[0],[0],[0],[0]
['61A0jVdNumL.jpg'],[263],['4 inch'],[0],[0],[0],[0],[0],[0],[0]
['618DuGKrLwL.jpg'],[264],"['40 centimetre', '30 centimetre', '28 centimetre', '35 centimetre']",[0],[0],[0],[0],[0],[0],[0]
['81ZRwS2cDGL.jpg'],[265],[0],[0],[0],[0],[0],[0],['33991 watt'],[0]
['612WHaD5KTL.jpg'],[266],[0],[0],[0],[0],[0],[0],[0],[0]
['51oav9plFNL.jpg'],[267],[0],[0],[0],['200 gram'],[0],[0],[0],[0]
['51+HGYfLFuL.jpg'],[268],['60 centimetre'],[0],[0],['17.69 gram'],[0],[0],[0],[0]
['818WSh6aayL.jpg'],[269],[0],[0],[0],['193 gram'],[0],[0],['3 watt'],[0]
['61QSCuYZH2L.jpg'],[270],[0],[0],[0],[0],[0],[0],[0],[0]
['51jxuyf79SL.jpg'],[271],"['14 centimetre', '13 centimetre']",[0],[0],[0],[0],[0],[0],[0]
['71+O9v1BGtL.jpg'],[272],[0],[0],[0],[0],[0],[0],[0],[0]
['51xgpsLiRXL.jpg'],[273],[0],[0],[0],['500 gram'],[0],[0],[0],[0]
['61iTIeFiVdS.jpg'],[274],[0],[0],[0],[0],[0],[0],[0],[0]
['61Q5UkiMuZL.jpg'],[275],[0],[0],[0],['3 kilogram'],[0],[0],[0],[0]
['41JDRFOebcL.jpg'],[276],['7.5 centimetre'],[0],[0],[0],[0],[0],[0],[0]
['81X1UD-5kQL.jpg'],[277],[0],[0],[0],[0],[0],[0],[0],[0]
['71q7Pk8FxLL.jpg'],[278],[0],[0],[0],['64 gram'],[0],[0],[0],[0]
['51OKQ4QqalL.jpg'],[279],[0],[0],[0],"['1 gram', '110 gram']",[0],[0],[0],['8 litre']
['81y5RtXl+hL.jpg'],[280],[0],[0],[0],"['0 gram', '5 gram']",[0],[0],[0],[0]
['71ypBqOTu2L.jpg'],[281],[0],[0],[0],"['1 kilogram', '2.2 pound']",[0],['2 volt'],['8 watt'],[0]
['61O2prio2JL.jpg'],[282],[0],[0],[0],[0],[0],[0],[0],[0]
['7119RRuBHML.jpg'],[283],[0],[0],[0],[0],[0],[0],[0],"['1 litre', '0 litre']"
['71sHDmm86UL.jpg'],[284],[0],[0],[0],"['800 gram', '600 gram']",[0],[0],[0],[0]
['71UEpIK03yL.jpg'],[285],[0],[0],[0],[0],[0],"['20 volt', '48 volt']","['60 watt', '240 watt']",[0]
['71K6YtzjwtL.jpg'],[286],[0],[0],[0],"['95 gram', '7 kilogram', '5 kilogram', '2 kilogram', '60 gram', '75 gram', '135 gram', '115 gram', '4 kilogram', '6 kilogram', '40 gram', '3 kilogram']",[0],[0],[0],[0]
['51VzfFIue1L.jpg'],[287],['9 inch'],[0],[0],[0],[0],[0],[0],[0]
['61ErZVUKpHL.jpg'],[288],[0],[0],[0],[0],[0],[0],[0],[0]
['81JCjvwrR9L.jpg'],[289],[0],[0],[0],[0],[0],[0],[0],[0]
['71bpinE-r-L.jpg'],[290],[0],[0],[0],[0],[0],[0],[0],[0]
['511hOQMzshL.jpg'],[291],"['6.7 centimetre', '2.64 inch', '2.95 inch']",[0],[0],[0],[0],[0],[0],[0]
['51KQuf1N0DL.jpg'],[292],[0],[0],[0],['73 gram'],[0],['100009 volt'],[0],['10 litre']
['81zpenrM5GL.jpg'],[293],[0],[0],[0],"['500 gram', '1.1 pound', '1000 gram', '2.2 pound']",[0],[0],[0],[0]
['51sY7F27bBL.jpg'],[294],[0],[0],[0],[0],[0],[0],[0],[0]
['61AxXU2Ua5L.jpg'],[295],"['17 centimetre', '28 centimetre']",[0],[0],[0],[0],[0],[0],[0]
['81m4qSdgIyL.jpg'],[296],[0],[0],[0],[0],[0],[0],[0],[0]
['717HpXok0mL.jpg'],[297],[0],[0],[0],['78 gram'],[0],[0],[0],[0]
['81GNE5au7pL.jpg'],[298],[0],[0],[0],[0],[0],[0],['30 watt'],['2550 litre']
['71G-WJxYa3L.jpg'],[299],[0],[0],[0],"['08 gram', '335 gram']",[0],"['19 volt', '9656 volt']","['315 watt', '0 watt', '00 watt', '615 watt']","['50 litre', '053 litre', '0 litre']"
['51MxODOykML.jpg'],[300],"['6.3 centimetre', '7 centimetre']",[0],[0],[0],[0],[0],[0],[0]
['61C8BRT-rpL.jpg'],[301],"['12 centimetre', '8 centimetre']",[0],[0],[0],[0],[0],[0],[0]
['61ygvdFFsbL.jpg'],[302],[0],[0],[0],['200 gram'],[0],[0],[0],[0]
['61IhXpJgcKL.jpg'],[303],['5 centimetre'],[0],[0],['6.2 gram'],[0],[0],[0],[0]
['51CwGUjc1mL.jpg'],[304],"['22.5 centimetre', '10.5 centimetre', '27 centimetre', '22 centimetre']",[0],[0],[0],[0],[0],[0],[0]
['81hkTb5kcmL.jpg'],[305],[0],[0],[0],"['24 gram', '117 gram', '28 gram']",[0],[0],['16 watt'],[0]
['61LThsu6KrL.jpg'],[306],[0],[0],[0],[0],[0],[0],[0],[0]
['51KXol+vihL.jpg'],[307],['15 centimetre'],[0],[0],[0],[0],[0],[0],['1 litre']
['714qQI9vIsL.jpg'],[308],"['75 centimetre', '70 centimetre', '80 centimetre', '85 centimetre']",[0],[0],['50 kilogram'],[0],[0],[0],[0]
['414mhFdiwrL.jpg'],[309],[0],[0],[0],[0],[0],"['4.2 volt', '3.7 volt']",['9.25 watt'],['205090277366417470 litre']
['5100x0F4PbL.jpg'],[310],"['5.31 inch', '3.94 inch', '1.38 inch']",[0],[0],[0],[0],[0],[0],[0]
['51+7quN4GXL.jpg'],[311],[0],[0],[0],[0],[0],[0],[0],[0]
['51c1c6j6yDL.jpg'],[312],"['42 centimetre', '26 centimetre']",[0],[0],[0],[0],[0],[0],[0]
['51byhSvUTTL.jpg'],[313],"['5.3 inch', '8 inch']",[0],[0],[0],[0],[0],[0],[0]
['61M-2EMeTiL.jpg'],[314],[0],[0],[0],['200 gram'],[0],[0],[0],[0]
['614JDhyYEGL.jpg'],[315],['2.4 centimetre'],[0],[0],[0],[0],[0],[0],[0]
['91hJyJAPqHL.jpg'],[316],[0],[0],[0],"['2 gram', '200 gram', '3 gram']",[0],[0],[0],[0]
['91n+I4ieIzL.jpg'],[317],[0],[0],[0],['150 gram'],[0],[0],[0],[0]
['618UZMMShZL.jpg'],[318],"['13.2 centimetre', '6.5 centimetre']",[0],[0],[0],[0],[0],[0],[0]
['71YSA3DOQjL.jpg'],[319],"['0.79 inch', '98 inch', '2.5 centimetre', '2 centimetre']",[0],[0],['19.5 gram'],[0],[0],[0],[0]
['81VAGmebDYL.jpg'],[320],[0],[0],[0],['80 kilogram'],[0],[0],[0],[0]
['51qnYLMyFNL.jpg'],[321],[0],[0],[0],[0],[0],[0],[0],[0]
['718R7aFPUhL.jpg'],[322],[0],[0],[0],[0],[0],"['3.7 volt', '1.2 volt']",[0],[0]
['71BmHPImFBL.jpg'],[323],[0],[0],[0],[0],[0],[0],[0],[0]
['71t6oXVx1eL.jpg'],[324],[0],[0],[0],[0],[0],[0],[0],[0]
['51Zmb5IxmCL.jpg'],[325],"['22 centimetre', '350 centimetre']",[0],[0],[0],[0],[0],[0],[0]
['61LzEqMNEuL.jpg'],[326],[0],[0],[0],['7 gram'],[0],[0],[0],['4 litre']
['61EiObxLxrL.jpg'],[327],[0],[0],[0],[0],[0],[0],[0],[0]
['51LSE7P+0KL.jpg'],[328],[0],[0],[0],['300 kilogram'],[0],[0],[0],[0]
['51-32k1L48L.jpg'],[329],"['16.5 centimetre', '32 centimetre']",[0],[0],[0],[0],[0],[0],[0]
['51+08UfDVFL.jpg'],[330],[0],[0],[0],[0],[0],[0],[0],[0]
['51PS7JTejOL.jpg'],[331],[0],[0],[0],[0],[0],[0],[0],[0]
['619BAxLciwS.jpg'],[332],[0],[0],[0],[0],[0],[0],[0],[0]
['611+e9G2V8L.jpg'],[333],[0],[0],[0],[0],[0],[0],[0],[0]
['81-MBJ8nC8L.jpg'],[334],"['10 centimetre', '31.5 centimetre']",[0],[0],['1.8 pound'],[0],[0],[0],[0]
['61AAbWt-j8S.jpg'],[335],[0],[0],[0],[0],[0],[0],[0],[0]
['616rAzZNukL.jpg'],[336],[0],[0],[0],"['6 ounce', '470 gram']",[0],[0],[0],[0]
['61GIExCvlfL.jpg'],[337],[0],[0],[0],[0],[0],[0],[0],[0]
['81lwjcYZONL.jpg'],[338],[0],[0],[0],[0],[0],[0],[0],[0]
['51hKtt2NyTL.jpg'],[339],[0],[0],[0],[0],[0],[0],[0],[0]
['618Pgn1Zd+L.jpg'],[340],[0],[0],[0],"['0.033 pound', '15 gram']",[0],[0],[0],[0]
['519+0AzlQEL.jpg'],[341],['14 centimetre'],[0],[0],[0],[0],[0],[0],[0]
['41SfvcSizeL.jpg'],[342],"['60 centimetre', '40 centimetre', '33 centimetre']",[0],[0],[0],[0],[0],[0],[0]
['51GC0hmZKRL.jpg'],[343],[0],[0],[0],"['201 gram', '210 gram', '205 gram', '268 gram', '277 gram', '264 gram']",[0],[0],[0],[0]
['51n+cQFB9XL.jpg'],[344],['4 centimetre'],[0],[0],['1 gram'],[0],[0],['48 watt'],['4320 litre']
['618MQAJn+XL.jpg'],[345],"['2 centimetre', '111 centimetre', '69.4 centimetre', '120 centimetre', '56 centimetre', '60 centimetre', '75 centimetre']",[0],[0],['50 kilogram'],[0],[0],[0],[0]
['512YhirGF9L.jpg'],[346],[0],[0],[0],['100 gram'],[0],[0],[0],[0]
['51ZTihEX8VL.jpg'],[347],['19 centimetre'],[0],[0],[0],[0],[0],[0],[0]
['41tHeeg1RxL.jpg'],[348],"['28.0 centimetre', '12.5 centimetre']",[0],[0],[0],[0],[0],[0],[0]
['51B-0uyCL4L.jpg'],[349],"['10.5 centimetre', '7 centimetre', '2.75 inch', '4.1 inch']",[0],[0],[0],[0],[0],[0],[0]
['61YTP1Mu8iL.jpg'],[350],[0],[0],[0],[0],[0],[0],['5 watt'],[0]
['51qJZHdWuAL.jpg'],[351],"['10 centimetre', '3.8 centimetre']",[0],[0],[0],[0],[0],[0],[0]
['41glLB+M9qL.jpg'],[352],"['1.5 centimetre', '98 centimetre']",[0],[0],[0],[0],[0],[0],[0]
['61trbMK-ymL.jpg'],[353],[0],[0],[0],[0],[0],[0],[0],[0]
['51C6rUyYzVL.jpg'],[354],[0],[0],[0],['66 ounce'],[0],[0],[0],[0]
['51TTWT8o+YL.jpg'],[355],"['140 centimetre', '90 centimetre']",[0],[0],[0],[0],[0],[0],[0]
['71r4wquYOdL.jpg'],[356],[0],[0],[0],"['337 gram', '12 ounce']",[0],[0],[0],[0]
['51DzNTKXFYL.jpg'],[357],[0],[0],[0],[0],[0],[0],[0],[0]
['71TDrAkjwVL.jpg'],[358],[0],[0],[0],[0],[0],[0],[0],[0]
['31ayCHuwtgL.jpg'],[359],['9 centimetre'],[0],[0],[0],[0],[0],[0],[0]
['6195lGTTUIL.jpg'],[360],['1 centimetre'],[0],[0],[0],[0],[0],[0],[0]
['71VTuAbbfoL.jpg'],[361],"['8.2 foot', '24 foot']",[0],[0],['2.3 kilogram'],[0],[0],[0],['3 litre']
['71v-ooZIpZL.jpg'],[362],[0],[0],[0],['450 pound'],[0],[0],[0],[0]
['51TwyJuJPjL.jpg'],[363],[0],[0],[0],[0],[0],[0],[0],[0]
['71v8jN4NdRL.jpg'],[364],"['12.5 inch', '43.3 inch']",[0],[0],['480 gram'],[0],[0],[0],[0]
['81ds6GZBTLL.jpg'],[365],[0],[0],[0],['2 ounce'],[0],[0],[0],[0]
['51-fsnvNeoL.jpg'],[366],[0],[0],[0],[0],[0],[0],[0],[0]
['61Ony7tB+BL.jpg'],[367],['27 centimetre'],[0],[0],['80 gram'],[0],[0],[0],[0]
['51XvHLvtMVL.jpg'],[368],"['27.3 centimetre', '26.7 centimetre']",[0],[0],[0],[0],[0],[0],[0]
['51XGep7orVL.jpg'],[369],"['35 centimetre', '20 centimetre', '6 centimetre', '5 centimetre']",[0],[0],[0],[0],[0],[0],[0]
['61GC3RyJB4L.jpg'],[370],[0],[0],[0],[0],[0],[0],[0],[0]
['51RotbGQqPL.jpg'],[371],"['34.5 centimetre', '10.5 centimetre', '20.5 centimetre']",[0],[0],[0],[0],[0],[0],[0]
['71Hu9U16-fL.jpg'],[372],"['33 centimetre', '5 centimetre', '26 centimetre']",[0],[0],"['5 kilogram', '45 kilogram']",[0],[0],[0],[0]
['61JOSJgsxgL.jpg'],[373],"['18.5 centimetre', '19 centimetre']",[0],[0],[0],[0],[0],['80 watt'],[0]
['51ir0LfYlFL.jpg'],[374],['20 centimetre'],[0],[0],['0.95 kilogram'],[0],[0],[0],[0]
['51H-AMNa9rS.jpg'],[375],"['25 centimetre', '18 centimetre']",[0],[0],[0],[0],[0],[0],[0]
['51Ozb0B2YOL.jpg'],[376],"['10 centimetre', '90 centimetre']",[0],[0],[0],[0],[0],[0],[0]
['81LOSDljyqL.jpg'],[377],[0],[0],[0],[0],[0],[0],[0],[0]
['71rK4z+xghL.jpg'],[378],[0],[0],[0],[0],[0],[0],[0],[0]
['61TYxIeG4fL.jpg'],[379],['07 centimetre'],[0],[0],['290 gram'],[0],[0],[0],[0]
['41-kxTQR8-L.jpg'],[380],[0],[0],[0],[0],[0],[0],[0],[0]
['811pyag4gcL.jpg'],[381],[0],[0],[0],[0],[0],[0],[0],[0]
['61A8-Qoez5L.jpg'],[382],"['18.5 centimetre', '5 centimetre', '8.7 centimetre', '9.5 centimetre']",[0],[0],[0],[0],[0],[0],[0]
['61+jlpp79pL.jpg'],[383],"['5.4 inch', '5.9 inch']",[0],[0],[0],[0],[0],[0],[0]
['71I-5JXDnQL.jpg'],[384],[0],[0],[0],['160 gram'],[0],[0],[0],[0]
['61+arKYlX0L.jpg'],[385],[0],[0],[0],['1 gram'],[0],[0],[0],[0]
['51sIOiHlFWL.jpg'],[386],['11.3 centimetre'],[0],[0],[0],[0],[0],[0],[0]
['51EPreITbrL.jpg'],[387],[0],[0],[0],[0],[0],[0],[0],[0]
['5120Ms4mYzL.jpg'],[388],[0],[0],[0],[0],[0],[0],[0],['1.1 litre']
['71RSMbdA9hL.jpg'],[389],[0],[0],[0],[0],[0],['120 volt'],['60 watt'],[0]
['51OEWDmS+7L.jpg'],[390],"['5 centimetre', '85 centimetre']",[0],[0],[0],[0],[0],[0],[0]
['71gNnu9g+rS.jpg'],[391],[0],[0],[0],['180 gram'],[0],[0],[0],[0]
['61aLEiJqqZL.jpg'],[392],[0],[0],[0],[0],[0],[0],"['5 watt', '20 watt']",[0]
['61C5L9bs36L.jpg'],[393],"['17 inch', '13 inch']",[0],[0],[0],[0],[0],[0],[0]
['51aG0iVDXpL.jpg'],[394],['19 centimetre'],[0],[0],[0],[0],[0],[0],[0]
['616fn7jFOOL.jpg'],[395],"['23 centimetre', '26 centimetre']",[0],[0],['330 pound'],[0],[0],[0],[0]
['61XOUrPe5JL.jpg'],[396],[0],[0],[0],[0],[0],[0],[0],[0]
['51c+GJ1t43L.jpg'],[397],['23 centimetre'],[0],[0],[0],[0],[0],[0],['8 litre']
['71SR+r3u3cL.jpg'],[398],[0],[0],[0],[0],[0],[0],[0],"['1.7 litre', '4.15 litre', '0.8 litre']"
['61Cxy5JfGML.jpg'],[399],[0],[0],[0],[0],[0],['43050 volt'],[0],[0]
['51sJv0kcLRL.jpg'],[400],"['36 centimetre', '14 inch']",[0],[0],[0],[0],[0],[0],[0]
['51HiIxUeSyL.jpg'],[401],"['13 centimetre', '14 centimetre', '16 centimetre', '21 centimetre', '11 centimetre', '15 centimetre', '18 centimetre', '17 centimetre']",[0],[0],[0],[0],[0],[0],[0]
['71NGDax4GfL.jpg'],[402],[0],[0],[0],[0],[0],[0],['4 kilowatt'],[0]
['61fHHgXOqML.jpg'],[403],[0],[0],[0],[0],[0],['180 volt'],[0],[0]
['51UBOg25aGL.jpg'],[404],['12.8 centimetre'],[0],[0],[0],[0],[0],[0],[0]
['51eYYBPZgnL.jpg'],[405],['31 centimetre'],[0],[0],[0],[0],[0],[0],[0]
['61+l9t9TcPL.jpg'],[406],"['82 centimetre', '44 centimetre']",[0],[0],[0],[0],[0],[0],[0]
['51QSW1NBsyL.jpg'],[407],"['72 inch', '183 centimetre']",[0],[0],[0],[0],[0],[0],[0]
['610MBNsKI0L.jpg'],[408],[0],[0],[0],[0],[0],[0],[0],[0]
['6118wKQ7iKL.jpg'],[409],[0],[0],[0],[0],[0],[0],[0],[0]
['71fNHEnIqJL.jpg'],[410],[0],[0],[0],['35 POUND'],[0],[0],[0],[0]
['51AbBUVzjAL.jpg'],[411],"['60 centimetre', '120 centimetre']",[0],[0],[0],[0],[0],[0],[0]
['61DnQphX7AL.jpg'],[412],[0],[0],[0],[0],[0],[0],[0],[0]
['51i2BqQKWDL.jpg'],[413],[0],[0],[0],[0],[0],[0],[0],[0]
['61-4JgGZG1S.jpg'],[414],"['3 centimetre', '2 centimetre']",[0],[0],[0],[0],[0],['5 watt'],[0]
['616IKnO5gQL.jpg'],[415],"['9 centimetre', '27.3 centimetre', '2.5 centimetre', '21 centimetre']",[0],[0],[0],[0],[0],[0],[0]
['61XBhTGmc4L.jpg'],[416],[0],[0],[0],[0],[0],[0],[0],[0]
['51nUGr45yML.jpg'],[417],[0],[0],[0],[0],[0],[0],['2844 watt'],[0]
['51EBGPVudsS.jpg'],[418],[0],[0],[0],['30 gram'],[0],[0],[0],[0]
['51rjHGaBtyL.jpg'],[419],"['14 centimetre', '26 centimetre', '23 centimetre', '0.9 centimetre', '1.2 centimetre', '1.5 centimetre', '17 centimetre']",[0],[0],[0],[0],[0],[0],[0]
['614izyrIQOL.jpg'],[420],[0],[0],[0],[0],[0],[0],[0],[0]
['61BEtAY1YsL.jpg'],[421],[0],[0],[0],[0],[0],[0],[0],[0]
['81yhuoqFkDL.jpg'],[422],[0],[0],[0],['7 ounce'],[0],[0],[0],[0]
['416MBLqxPPL.jpg'],[423],"['77 centimetre', '59 centimetre', '117 centimetre', '40 centimetre']",[0],[0],[0],[0],[0],[0],[0]
['71wQuoIZCcL.jpg'],[424],[0],[0],[0],['30 gram'],[0],[0],[0],[0]
['616h9+VegEL.jpg'],[425],[0],[0],[0],[0],[0],[0],[0],[0]
['71lSvzZzHwL.jpg'],[426],[0],[0],[0],[0],[0],['5 volt'],[0],[0]
['61Ay2cPNoLL.jpg'],[427],[0],[0],[0],[0],[0],[0],[0],[0]
['51xECPxqi5L.jpg'],[428],"['43 centimetre', '40 centimetre']",[0],[0],[0],[0],[0],[0],[0]
['31tFQ9mp8mS.jpg'],[429],"['140 centimetre', '120 centimetre']",[0],[0],[0],[0],[0],[0],[0]
['51lHhodH-FL.jpg'],[430],[0],[0],[0],[0],[0],[0],[0],[0]
['71Jl8ygqgrL.jpg'],[431],"['89 centimetre', '366 centimetre', '324 centimetre', '415 centimetre', '457 centimetre', '180 centimetre']",[0],[0],"['150 kilogram', '160 kilogram']",[0],[0],[0],[0]
['51H9aPegekL.jpg'],[432],"['96 inch', '8 foot']",[0],[0],[0],[0],[0],[0],[0]
['61M1gzzqpGL.jpg'],[433],[0],[0],[0],[0],[0],[0],[0],[0]
['51CdDxm0kBL.jpg'],[434],"['180 centimetre', '70 centimetre']",[0],[0],[0],[0],[0],[0],[0]
['511M0tYdxGL.jpg'],[435],[0],[0],[0],[0],[0],[0],[0],[0]
['51yvbfTi5aL.jpg'],[436],[0],[0],[0],[0],[0],[0],[0],[0]
['413-GaYfRrL.jpg'],[437],[0],[0],[0],[0],[0],[0],[0],[0]
['51vAhsYI2UL.jpg'],[438],[0],[0],[0],[0],[0],[0],[0],[0]
['81gL5KIpWJL.jpg'],[439],[0],[0],[0],['80 kilogram'],[0],[0],[0],[0]
['51skKKLIEgL.jpg'],[440],[0],[0],[0],[0],[0],[0],[0],[0]
['31JCP9QRHcL.jpg'],[441],[0],[0],[0],[0],[0],[0],"['12 kilowatt', '12 watt']",[0]
['81nnvwQdVRL.jpg'],[442],[0],[0],[0],[0],[0],[0],[0],[0]
['41w5DbLClbL.jpg'],[443],['12 centimetre'],[0],[0],[0],[0],[0],[0],[0]
['610-LkdRmhL.jpg'],[444],"['60 centimetre', '40 centimetre']",[0],[0],[0],[0],[0],[0],[0]
['6108suvrHHL.jpg'],[445],"['16 inch', '12 inch']",[0],[0],[0],[0],[0],[0],['8 litre']
['7170rIMqgSL.jpg'],[446],[0],[0],[0],[0],[0],[0],[0],[0]
['91z44giycfL.jpg'],[447],[0],[0],[0],"['1 gram', '71 gram']",[0],[0],[0],[0]
['61SJ2N2XXkL.jpg'],[448],[0],[0],[0],[0],[0],[0],['18 watt'],[0]
['81knr6DYRRL.jpg'],[449],[0],[0],[0],['50 gram'],[0],[0],[0],[0]
['51lcHWGMcCL.jpg'],[450],[0],[0],[0],['500 gram'],[0],[0],[0],[0]
['81+4SPQGH2L.jpg'],[451],[0],[0],[0],[0],[0],['5 volt'],[0],[0]
['71MMjWQ++aS.jpg'],[452],[0],[0],[0],['129 gram'],[0],[0],[0],[0]
['51aeXg-c-4L.jpg'],[453],[0],[0],[0],[0],[0],[0],[0],[0]
['51-JAhutoUL.jpg'],[454],[0],[0],[0],[0],[0],[0],[0],[0]
['512KPeH3EhL.jpg'],[455],[0],[0],[0],[0],[0],[0],[0],[0]
['81njdtQmZoL.jpg'],[456],[0],[0],[0],"['0.84 ounce', '24 gram']",[0],[0],[0],[0]
['81ZRqb8fOTL.jpg'],[457],[0],[0],[0],['5 kilogram'],[0],[0],[0],[0]
['81+j0JJGuHL.jpg'],[458],[0],[0],[0],"['1.09 kilogram', '24 gram', '7 gram']",[0],[0],[0],['36 litre']
['61sEeXWJoiL.jpg'],[459],[0],[0],[0],['6.3 gram'],[0],[0],[0],[0]
['41n+geEN1vL.jpg'],[460],"['22 centimetre', '8.75 inch']",[0],[0],[0],[0],[0],[0],[0]
['71PmY6rFB5L.jpg'],[461],"['34 centimetre', '9.5 centimetre', '26 centimetre', '17.5 centimetre', '24.5 centimetre', '125 centimetre', '20.5 centimetre']",[0],[0],[0],[0],[0],[0],[0]
['61qz4nNv7dL.jpg'],[462],[0],[0],[0],[0],[0],[0],[0],[0]
['71gg-eru-UL.jpg'],[463],[0],[0],[0],['10 gram'],[0],[0],[0],[0]
['71OthFwZ1EL.jpg'],[464],[0],[0],[0],"['19.75 gram', '2 gram']",[0],[0],[0],[0]
['410m2Hz+zHL.jpg'],[465],"['51 centimetre', '075 centimetre']",[0],[0],[0],[0],[0],[0],[0]
['612QEt28qGL.jpg'],[466],"['12 centimetre', '34 centimetre', '24 centimetre']",[0],[0],[0],[0],[0],[0],[0]
['71BRRD5DfyL.jpg'],[467],[0],[0],[0],[0],[0],[0],[0],[0]
['61cDhQof7TS.jpg'],[468],[0],[0],[0],[0],[0],[0],[0],[0]
['81V8udj1OxL.jpg'],[469],[0],[0],[0],[0],[0],[0],[0],[0]
['51gv+puX9dL.jpg'],[470],[0],[0],[0],['6 gram'],[0],[0],[0],[0]
['51tUCPcqTvL.jpg'],[471],"['23 centimetre', '15.9 inch', '40 centimetre', '200 centimetre']",[0],[0],[0],[0],[0],"['24 watt', '12 watt']",[0]
['51-Ry-P39oL.jpg'],[472],[0],[0],[0],[0],[0],[0],[0],[0]
['51fx4lRoy3L.jpg'],[473],['2.36 inch'],[0],[0],[0],[0],[0],[0],[0]
['51vkDGS8-aL.jpg'],[474],[0],[0],[0],[0],[0],[0],[0],[0]
['51hoHB4lClL.jpg'],[475],"['34 centimetre', '28 centimetre', '44 centimetre', '38 centimetre']",[0],[0],[0],[0],[0],[0],[0]
['516160+7G3L.jpg'],[476],[0],[0],[0],['1 gram'],[0],[0],[0],[0]
['51KhHV22W0L.jpg'],[477],[0],[0],[0],[0],[0],[0],[0],[0]
['51f2enCr89S.jpg'],[478],[0],[0],[0],[0],[0],[0],[0],[0]
['71Lr4k+ztoL.jpg'],[479],[0],[0],[0],['80 gram'],[0],[0],[0],[0]
['61ZyeyPWfBL.jpg'],[480],"['61 centimetre', '22 centimetre']",[0],[0],[0],[0],[0],"['6 watt', '26 watt']",['8 litre']
['51sq4YzUGOL.jpg'],[481],[0],[0],[0],[0],[0],[0],[0],[0]
['61oRXydxxsL.jpg'],[482],"['0.7 inch', '17 inch', '44 centimetre', '0.43 inch', '0.95 inch']",[0],[0],['45 gram'],[0],[0],[0],[0]
['51amV4ZaOkL.jpg'],[483],['45 centimetre'],[0],[0],[0],[0],[0],[0],[0]
['41SOFXyyYSL.jpg'],[484],[0],[0],[0],[0],[0],[0],[0],[0]
['613WKQXR-lL.jpg'],[485],"['0.14 inch', '0.28 inch']",[0],[0],['1.6 gram'],[0],[0],[0],[0]
['613ATPoBHlL.jpg'],[486],[0],[0],[0],[0],[0],[0],[0],[0]
['61DAqCJ40XL.jpg'],[487],['25 centimetre'],[0],[0],['100 gram'],[0],[0],[0],[0]
['814N6mwi19L.jpg'],[488],[0],[0],[0],"['3 ton', '3000 kilogram']",[0],[0],[0],[0]
['712+JedQfLL.jpg'],[489],['13 centimetre'],[0],[0],['110 gram'],[0],[0],[0],[0]
['51h6AUiYPaL.jpg'],[490],[0],[0],[0],[0],[0],[0],[0],[0]
['51HCRgfUcsL.jpg'],[491],['30 centimetre'],[0],[0],[0],[0],[0],[0],[0]
['81kgn8OTXgL.jpg'],[492],[0],[0],[0],[0],[0],[0],['250 watt'],[0]
['61GGG49Hq4L.jpg'],[493],['21.5 centimetre'],[0],[0],[0],[0],[0],[0],[0]
['51elFK5pHCL.jpg'],[494],['33 centimetre'],[0],[0],[0],[0],[0],[0],[0]
['81sZPY-rrrL.jpg'],[495],[0],[0],[0],['120 pound'],[0],[0],[0],[0]
['417KAqXC5iL.jpg'],[496],[0],[0],[0],[0],[0],[0],[0],[0]
['81ELqH8TRCL.jpg'],[497],[0],[0],[0],[0],[0],[0],[0],[0]
['51ae4sfbYYL.jpg'],[498],"['1.6 inch', '70.9 inch', '9.3 inch']",[0],[0],[0],[0],[0],[0],[0]
